Workbook

Sheet Q3.1 Slotting Design
A1: Q3.1 - SLOTTING DESIGN (ABC velocity-based)
A2: Velocity decides the storage zone. Inputs per prompt: velocity, pick rate, size. U-shaped warehouse: receiving and packing on the same front side, creating a golden pick-face next to packing.
A4: A. MODEL ASSUMPTIONS (blue = editable input)
A5: Walk speed (m/min) | B5: 72 | C5: 1.2 m/s standard
A6: Round-trip factor | B6: 2 | C6: pick location to packing and back
A7: Dist: A Pick-face to packing (m) | B7: 8 | C7: golden zone, nearest
A8: Dist: B Intermediate to packing (m) | B8: 25 | C8: mid bay
A9: Dist: C Reserve to packing (m) | B9: 47.5 | C9: back / upper rack
A10: Pick rate A (pcs/min) | B10: 4 | C10: fast pick-face
A11: Pick rate B (pcs/min) | B11: 2.5 | C11: carton-centric
A12: Pick rate C (pcs/min) | B12: 2 | C12: slow reserve
A14: B. ZONE DESIGN — VELOCITY chooses the zone
A15: Zone | B15: Class | C15: # SKU | D15: Total picks (order freq) | E15: Pick mode | F15: Slot rule | G15: Dist to packing (m)
A16: A - Pick-face | B16: Class A / Fast | C16: 28 | D16: 5767 | E16: Loose + carton break-bulk | F16: Highest order frequency -> nearest slots, golden zone next to packing. | G16: 8
A17: B - Intermediate | B17: Class B | C17: 39 | D17: 7945 | E17: Carton picking + replenish A | F17: Medium velocity -> mid bay; min/max feeds the A pick-face. | G17: 25
A18: C - Reserve | B18: Class C / Slow | C18: 403 | D18: 7082 | E18: Pallet store, pick on demand | F18: Low velocity per SKU -> far / upper rack, bulk. Rarely picked so distance is acceptable. | G18: 47.5
A20: Note: zone is determined by VELOCITY (pick frequency) only. Within a zone, slot order follows velocity then size (cube). No shelf-height / weight-band rule is applied.

Sheet Q3.1 Travel Proof
A1: Q3.1 - TRAVEL-TIME PROOF (>= 30% reduction)
A2: Image formula: Total distance traveled = SUM_i SUM_j ( Tij * Dij ). Flow = packing(P) <-> each zone, so Tij=picks_j, Dij=zone dist. Avg distance/pick = Total dist / total picks.
A4: A. TOTAL DISTANCE BY ZONE (Tij x Dij x round-trip)
A5: Zone (j) | B5: Picks Tij (velocity) | C5: Dist Dij (m) | D5: Round-trip distance = Tij*Dij*2 (m)
A6: Zone A | B6: 5767 | C6: ='Q3.1 Slotting Design'!$B$7 -> 8 | D6: =B6*C6*'Q3.1 Slotting Design'!$B$6 -> 92272
A7: Zone B | B7: 7945 | C7: ='Q3.1 Slotting Design'!$B$8 -> 25 | D7: =B7*C7*'Q3.1 Slotting Design'!$B$6 -> 397250
A8: Zone C | B8: 7082 | C8: ='Q3.1 Slotting Design'!$B$9 -> 47.5 | D8: =B8*C8*'Q3.1 Slotting Design'!$B$6 -> 672790
A9: TOTAL | B9: =SUM(B6:B8) -> 20794 | D9: =SUM(D6:D8) -> 1162312
A11: B. RESULTS
A12: Total picks | B12: =B9 -> 20794
A13: OPTIMIZED total round-trip distance (m) | B13: =D9 -> 1162312
A14: OPTIMIZED avg distance per pick (one-way, m) | B14: =D9/(B9*2) -> 27.948254
A15: OPTIMIZED travel time (min) | B15: =D9/'Q3.1 Slotting Design'!$B$5 -> 16143.222
A16: BASELINE random avg distance (one-way, m) | B16: =(28*8+39*25+403*47.5)/470 -> 43.279787
A17: BASELINE total round-trip distance (m) | B17: =B16*B9*'Q3.1 Slotting Design'!$B$6 -> 1799919.8
A18: BASELINE travel time (min) | B18: =B17/'Q3.1 Slotting Design'!$B$5 -> 24998.886
A19: TRAVEL-TIME REDUCTION | B19: =1-B15/B18 -> 0.35424234
A20: Target | B20: =0.3 -> 0.3
A22: Derivation: the image formula gives TOTAL distance. Dividing by total picks yields the AVERAGE distance per pick. Baseline uses the SKU-count-weighted mean distance (random placement = every pick travels the warehouse average, 43.3 m). Optimized concentrates the high-frequency Zone-A picks at 8 m, cutting the average to 28.0 m.

Sheet Q3.1 Slot Assignment
A1: Q3.1 - SLOT ASSIGNMENT (all 470 SKUs)
A2: velocity = order frequency / pick rate (picking-time load, min). Sorted by velocity within zone. pick rate (pcs/min) and size (unit cube, L/pcs) shown as required inputs.
A4: Slot ID | B4: SKU | C4: Product | D4: Cat | E4: Zone | F4: Order freq | G4: Pick rate (pcs/min) | H4: Velocity (freq/rate) | I4: Size (L/pcs) | J4: Avg order qty | K4: Dist (m)
A5: A-001 | B5: 4200008229 | C5: Quạt treo ASIAvina - VY377990 - | D5: Fan | E5: A | F5: 825 | G5: 4 | H5: =F5/G5 -> 206.25 | I5: 41.4 | J5: 6.8 | K5: 8
A6: A-002 | B6: 4200008371 | C6: QUẠT ĐỨNG VY619990 | D6: Fan | E6: A | F6: 682 | G6: 4 | H6: =F6/G6 -> 170.5 | I6: 67.5 | J6: 4.9 | K6: 8
A7: A-003 | B7: 4200008366 | C7: QUẠT SÀN TURB0 VY616790 | D7: Fan | E7: A | F7: 680 | G7: 4 | H7: =F7/G7 -> 170 | I7: 104.5 | J7: 4.2 | K7: 8
A8: A-004 | B8: 4200008117 | C8: Quạt treo ASIAvina - VY357690 - | D8: Fan | E8: A | F8: 666 | G8: 4 | H8: =F8/G8 -> 166.5 | I8: 41.4 | J8: 6 | K8: 8
A9: A-005 | B9: 4200008102 | C9: Quạt lửng ASIAvina - VY538790 - | D9: Fan | E9: A | F9: 514 | G9: 4 | H9: =F9/G9 -> 128.5 | I9: 50.8 | J9: 24.7 | K9: 8
A10: A-006 | B10: 4200009163 | C10: Quạt lửng ASIAVINA - VY628890 - | D10: Fan | E10: A | F10: 267 | G10: 4 | H10: =F10/G10 -> 66.75 | I10: 67.5 | J10: 202.1 | K10: 8
A11: A-007 | B11: 4200007858 | C11: Quạt sàn ASIAvina - VY636790 - X | D11: Fan | E11: A | F11: 210 | G11: 4 | H11: =F11/G11 -> 52.5 | I11: 102.6 | J11: 35.4 | K11: 8
A12: A-008 | B12: 4200008999 | C12: Quạt đứng ASIAVINA Turbo X - VY6 | D12: Fan | E12: A | F12: 170 | G12: 4 | H12: =F12/G12 -> 42.5 | I12: 46.8 | J12: 54.6 | K12: 8
A13: A-009 | B13: 4200000163 | C13: Quạt trần đảo ASIAvina - X16001- | D13: Fan | E13: A | F13: 161 | G13: 4 | H13: =F13/G13 -> 40.25 | I13: 55 | J13: 66.2 | K13: 8
A14: A-010 | B14: 4200009000 | C14: Quạt đứng ASIAVINA Turbo X - VY6 | D14: Fan | E14: A | F14: 150 | G14: 4 | H14: =F14/G14 -> 37.5 | I14: 46.7 | J14: 89 | K14: 8
A15: A-011 | B15: 4200009001 | C15: Quạt treo ASIAVINA Turbo X - VY6 | D15: Fan | E15: A | F15: 147 | G15: 4 | H15: =F15/G15 -> 36.75 | I15: 37.5 | J15: 36.3 | K15: 8
A16: A-012 | B16: 4200008101 | C16: Quạt lửng ASIAvina - VY538990 - | D16: Fan | E16: A | F16: 131 | G16: 4 | H16: =F16/G16 -> 32.75 | I16: 47.6 | J16: 52.3 | K16: 8
... A31: A-027 | B31: 4100000738 | C31: Quạt đứng - TEFAL - VF4420F2 - đ | D31: Fan | E31: A | F31: 5 | G31: 4 | H31: =F31/G31 -> 1.25 | I31: 58.2 | J31: 624 | K31: 8
A32: A-028 | B32: 4100000838 | E32: A | F32: 4 | G32: 4 | H32: =F32/G32 -> 1 | I32: 49.1 | J32: 550.4 | K32: 8
A33: B-001 | B33: 7211005095 | C33: Nồi cơm điện tử Tefal Rice Mate | D33: SDA | E33: B | F33: 613 | G33: 2.5 | H33: =F33/G33 -> 245.2 | I33: 31 | J33: 3 | K33: 25
A34: B-002 | B34: 7211004545 | C34: Nồi cơm điện Tefal Fuzzy Express | D34: SDA | E34: B | F34: 555 | G34: 2.5 | H34: =F34/G34 -> 222 | I34: 38.5 | J34: 3.8 | K34: 25
A35: B-003 | B35: 7211004640 | C35: Máy xay nấu đa năng Tefal Perfe | D35: SDA | E35: B | F35: 537 | G35: 2.5 | H35: =F35/G35 -> 214.8 | I35: 43.6 | J35: 2.5 | K35: 25
A36: B-004 | B36: 7211419352 | C36: Bình đun siêu tốc Tefal KI605830 | D36: SDA | E36: B | F36: 521 | G36: 2.5 | H36: =F36/G36 -> 208.4 | I36: 17.8 | J36: 2.4 | K36: 25
A37: B-005 | B37: 7211004596 | C37: Nồi cơm điện tửTefal Easy Rice P | D37: SDA | E37: B | F37: 509 | G37: 2.5 | H37: =F37/G37 -> 203.6 | I37: 48.5 | J37: 2.4 | K37: 25
A38: B-006 | B38: 2100122707 | C38: Chảo chiên sâu lồng Tefal So Che | D38: CW | E38: B | F38: 487 | G38: 2.5 | H38: =F38/G38 -> 194.8 | I38: 11.7 | J38: 3 | K38: 25
A39: B-007 | B39: 7211419468 | C39: Bình đun siêu tốc Tefal Colour K | D39: SDA | E39: B | F39: 460 | G39: 2.5 | H39: =F39/G39 -> 184 | I39: 11.8 | J39: 2.7 | K39: 25
A40: B-008 | B40: 2100122708 | C40: Chảo chiên Tefal So Chef 21cm | D40: CW | E40: B | F40: 437 | G40: 2.5 | H40: =F40/G40 -> 174.8 | I40: 7 | J40: 3.2 | K40: 25
A41: B-009 | B41: 4200008262 | C41: Quạt sàn TEFAL TB Silence Plus V | D41: Fan | E41: B | F41: 403 | G41: 2.5 | H41: =F41/G41 -> 161.2 | I41: 90.9 | J41: 5.1 | K41: 25
A42: B-010 | B42: 7211419432 | C42: Bình đun siêu tốc Tefal Colour K | D42: SDA | E42: B | F42: 357 | G42: 2.5 | H42: =F42/G42 -> 142.8 | I42: 13.2 | J42: 2.4 | K42: 25
A43: B-011 | B43: 2100122710 | C43: Chảo chiên Tefal So Chef 28cm | D43: CW | E43: B | F43: 354 | G43: 2.5 | H43: =F43/G43 -> 141.6 | I43: 20.4 | J43: 3.7 | K43: 25
A44: B-012 | B44: 1830008176 | C44: Bàn ủi hơi nước đứng Tefal IXEO | D44: SDA | E44: B | F44: 332 | G44: 2.5 | H44: =F44/G44 -> 132.8 | I44: 117.3 | J44: 2.5 | K44: 25
... A66: B-034 | B66: 4200009010 | C66: Quạt lửng BCN ASIAVINA - VY55889 | D66: Fan | E66: B | F66: 50 | G66: 2.5 | H66: =F66/G66 -> 20 | I66: 34.4 | J66: 34 | K66: 25
A67: B-035 | B67: 4200009621 | E67: B | F67: 48 | G67: 2.5 | H67: =F67/G67 -> 19.2 | I67: 102.6 | J67: 27.2 | K67: 25
A68: B-036 | B68: 4200008734 | C68: Quạt lửng ASIAVINA VY358792 - 55 | D68: Fan | E68: B | F68: 38 | G68: 2.5 | H68: =F68/G68 -> 15.2 | I68: 34.7 | J68: 27.3 | K68: 25
A69: B-037 | B69: 4200008735 | C69: Quạt lửng ASIAVINA VY358192 - 55 | D69: Fan | E69: B | F69: 37 | G69: 2.5 | H69: =F69/G69 -> 14.8 | I69: 34.7 | J69: 21.8 | K69: 25
A70: B-038 | B70: 4200008695 | C70: Quạt treo BCN ASIAVINA VY557990 | D70: Fan | E70: B | F70: 36 | G70: 2.5 | H70: =F70/G70 -> 14.4 | I70: 31.2 | J70: 61.2 | K70: 25
A71: B-039 | B71: 4200009294 | C71: Quạt đứng ASIAVINA Turbo X - VY6 | D71: CW | E71: B | F71: 1 | G71: 2.5 | H71: =F71/G71 -> 0.4 | I71: 46.8 | J71: 921 | K71: 25
A72: C-001 | B72: 7211004924 | C72: Nồi cơm điện tử cao tần Tefal RK | D72: SDA | E72: C | F72: 365 | G72: 2 | H72: =F72/G72 -> 182.5 | I72: 49.8 | J72: 2 | K72: 47.5
A73: C-002 | B73: 7211419286 | C73: Nồi chiên không dầu Tefal EasyFr | D73: SDA | E73: C | F73: 214 | G73: 2 | H73: =F73/G73 -> 107 | I73: 63.7 | J73: 3.1 | K73: 47.5
A74: C-003 | B74: 8010000653 | C74: Máy ép trái cây ZE420D38 | D74: SDA | E74: C | F74: 214 | G74: 2 | H74: =F74/G74 -> 107 | I74: 26.8 | J74: 2 | K74: 47.5
A75: C-004 | B75: 1830009015 | C75: Bàn ủi hơi nước đứng Tefal IT347 | D75: SDA | E75: C | F75: 198 | G75: 2 | H75: =F75/G75 -> 99 | I75: 74.2 | J75: 1.5 | K75: 47.5
A76: C-005 | B76: 2100118819 | C76: Chảo chiên Tefal Primary 26cm | D76: CW | E76: C | F76: 186 | G76: 2 | H76: =F76/G76 -> 93 | I76: 9.8 | J76: 2.9 | K76: 47.5
A77: C-006 | B77: 2100118818 | C77: Chảo chiên Tefal Primary 24cm | D77: CW | E77: C | F77: 160 | G77: 2 | H77: =F77/G77 -> 80 | I77: 10.1 | J77: 3.4 | K77: 47.5
A78: C-007 | B78: 1830007932 | C78: Bàn ủi hơi nước đứng Tefal IXEO | D78: SDA | E78: C | F78: 152 | G78: 2 | H78: =F78/G78 -> 76 | I78: 132.2 | J78: 4.9 | K78: 47.5
A79: C-008 | B79: 7211004515 | C79: Nồi áp suất điện đa năng Tefal T | D79: SDA | E79: C | F79: 150 | G79: 2 | H79: =F79/G79 -> 75 | I79: 53.4 | J79: 5.1 | K79: 47.5
... A291: C-220 | B291: 1830008693 | C291: Bàn ủi hơi nước cầm tay DT7130E1 | D291: SDA | E291: C | F291: 5 | G291: 2 | H291: =F291/G291 -> 2.5 | I291: 50 | J291: 0.6 | K291: 47.5
A292: C-221 | B292: 1830008199 | C292: Bàn ủi hơi nước Tefal FV2867E0 | D292: SDA | E292: C | F292: 5 | G292: 2 | H292: =F292/G292 -> 2.5 | J292: 0.2 | K292: 47.5
A293: C-222 | B293: 4200009017 | C293: Quạt đứng ASIAVINA TURBO PLUS - | D293: Fan | E293: C | F293: 4 | G293: 2 | H293: =F293/G293 -> 2 | I293: 52.2 | J293: 22.5 | K293: 47.5
A294: C-223 | B294: 7211004311 | C294: Máy xay sinh tố Tefal Blendeo+ B | D294: SDA | E294: C | F294: 4 | G294: 2 | H294: =F294/G294 -> 2 | I294: 20.7 | J294: 20.5 | K294: 47.5
A295: C-224 | B295: 4200009020 | C295: Quạt sàn ASIAVINA TURBO PLUS - V | D295: Fan | E295: C | F295: 4 | G295: 2 | H295: =F295/G295 -> 2 | I295: 103.4 | J295: 14.5 | K295: 47.5
A296: C-225 | B296: 2100124953 | C296: Nồi đúc cao cấp Tefal Robusto có | D296: CW | E296: C | F296: 4 | G296: 2 | H296: =F296/G296 -> 2 | I296: 43.9 | J296: 14.2 | K296: 47.5
A297: C-226 | B297: 2100139519 | C297: Bộ 3 nồi chảo cán rời Tefal Inge | D297: CW | E297: C | F297: 4 | G297: 2 | H297: =F297/G297 -> 2 | I297: 14.3 | J297: 14 | K297: 47.5
A298: C-227 | B298: 7211003246 | C298: Máy ép chậm Tefal ZC420E38 - 150 | D298: SDA | E298: C | F298: 4 | G298: 2 | H298: =F298/G298 -> 2 | I298: 32.7 | J298: 13 | K298: 47.5
A299: C-228 | B299: 7211004889 | C299: Nồi cơm điện tử Delirice Plus 1. | D299: SDA | E299: C | F299: 4 | G299: 2 | H299: =F299/G299 -> 2 | I299: 53.6 | J299: 7.1 | K299: 47.5
A300: C-229 | B300: 7212000245 | C300: Nồi cơm điện Niêu CFXB50YB13VN-5 | D300: SDA | E300: C | F300: 4 | G300: 2 | H300: =F300/G300 -> 2 | I300: 159.3 | J300: 6.8 | K300: 47.5
A301: C-230 | B301: 7115900886 | C301: Chảo sâu lồng Supor Fresh IH - m | D301: CW | E301: C | F301: 4 | G301: 2 | H301: =F301/G301 -> 2 | I301: 38.9 | J301: 4.7 | K301: 47.5
A302: C-231 | B302: 4200008264 | C302: Quạt đứng TEFAL TB Silence Plus | D302: Fan | E302: C | F302: 4 | G302: 2 | H302: =F302/G302 -> 2 | I302: 73.3 | J302: 3.8 | K302: 47.5
A303: C-232 | B303: 2100136855 | C303: Chảo chiên chống dính Tefal Flav | D303: CW | E303: C | F303: 4 | G303: 2 | H303: =F303/G303 -> 2 | I303: 46.7 | J303: 3.8 | K303: 47.5
A304: C-233 | B304: 1830009180 | C304: Bàn ủi khô TEFAL FS3110L0 | D304: SDA | E304: C | F304: 4 | G304: 2 | H304: =F304/G304 -> 2 | I304: 7.1 | J304: 3.5 | K304: 47.5
... A402: C-331 | B402: 2100137895 | C402: Nồi cán dài chống dính Tefal Fla | D402: CW | E402: C | F402: 2 | G402: 2 | H402: =F402/G402 -> 1 | I402: 0 | J402: 0.5 | K402: 47.5
A403: C-332 | B403: 2100091939 | C403: Dụng cụ mài dao bằng thép không | D403: CW | E403: C | F403: 2 | G403: 2 | H403: =F403/G403 -> 1 | I403: n/a | J403: 0.2 | K403: 47.5
A404: C-333 | B404: 4200009238 | E404: C | F404: 1 | G404: 2 | H404: =F404/G404 -> 0.5 | I404: 37.3 | J404: 300 | K404: 47.5
A405: C-334 | B405: 4200006855 | C405: Quạt lửng ASIAvina - A16018-XV0 | D405: Fan | E405: C | F405: 1 | G405: 2 | H405: =F405/G405 -> 0.5 | I405: 35.6 | J405: 73 | K405: 47.5
A406: C-335 | B406: 2100127807 | C406: Bộ nồi chảo cán rời 6 món Tefal | D406: CW | E406: C | F406: 1 | G406: 2 | H406: =F406/G406 -> 0.5 | I406: 36 | J406: 25 | K406: 47.5
A407: C-336 | B407: 4200000309 | C407: Quạt hộp ASIAvina - F12001-LV1 - | D407: Fan | E407: C | F407: 1 | G407: 2 | H407: =F407/G407 -> 0.5 | I407: 33.3 | J407: 21 | K407: 47.5
A408: C-337 | B408: 4200000030 | C408: Quạt bàn ASIAvina - B12001-EV0 - | D408: Fan | E408: C | F408: 1 | G408: 2 | H408: =F408/G408 -> 0.5 | I408: 33.3 | J408: 15 | K408: 47.5
A409: C-338 | B409: 1830008265 | C409: Bàn ủi hơi nước Tefal GV9820E0 | D409: SDA | E409: C | F409: 1 | G409: 2 | H409: =F409/G409 -> 0.5 | I409: 50 | J409: 10 | K409: 47.5
A410: C-339 | B410: 4200007356 | C410: Quat dung ASIAvina -DTB1601 - Xa | D410: Fan | E410: C | F410: 1 | G410: 2 | H410: =F410/G410 -> 0.5 | I410: 88.9 | J410: 9 | K410: 47.5
A411: C-340 | B411: 2100110231 | C411: Chảo chiên Tefal Sensations 28 c | D411: CW | E411: C | F411: 1 | G411: 2 | H411: =F411/G411 -> 0.5 | I411: 16.7 | J411: 6 | K411: 47.5
A412: C-341 | B412: 4200007832 | C412: Quạt đứng ASIAvina - D18001-DZ0 | D412: Fan | E412: C | F412: 1 | G412: 2 | H412: =F412/G412 -> 0.5 | I412: 60 | J412: 5 | K412: 47.5
A413: C-342 | B413: 2100122009 | C413: Dao gọt trái cây Tefal Fresh Kit | D413: CW | E413: C | F413: 1 | G413: 2 | H413: =F413/G413 -> 0.5 | I413: 0 | J413: 5 | K413: 47.5
A414: C-343 | B414: 2100111899 | C414: Chảo chiên sâu lồng Tefal Natura | D414: CW | E414: C | F414: 1 | G414: 2 | H414: =F414/G414 -> 0.5 | I414: 50 | J414: 4.5 | K414: 47.5
A415: C-344 | B415: 3110600773 | C415: Hộp thủy tinh vuông Tefal Master | D415: CW | E415: C | F415: 1 | G415: 2 | H415: =F415/G415 -> 0.5 | I415: 75 | J415: 4.5 | K415: 47.5
A416: C-345 | B416: 7115900930 | C416: Chảo đúc vân đá xanh DuraRock 28 | D416: CW | E416: C | F416: 1 | G416: 2 | H416: =F416/G416 -> 0.5 | I416: 50 | J416: 4.2 | K416: 47.5
... A468: C-397 | B468: 1830008984 | C468: Bàn ủi hơi nước cầm tay DT1020E1 | D468: SDA | E468: C | F468: 1 | G468: 2 | H468: =F468/G468 -> 0.5 | I468: 0 | J468: 1 | K468: 47.5
A469: C-398 | B469: 1830009340 | C469: Bàn ủi hơi nước cầm tay Tefal Or | D469: SDA | E469: C | F469: 1 | G469: 2 | H469: =F469/G469 -> 0.5 | I469: n/a | J469: 0.8 | K469: 47.5
A470: C-399 | B470: 2100112228 | C470: Chảo chiên Tefal Cook Healthy 24 | D470: CW | E470: C | F470: 1 | G470: 2 | H470: =F470/G470 -> 0.5 | I470: n/a | J470: 0.7 | K470: 47.5
A471: C-400 | B471: 2100131820 | C471: Quánh Inox liền khối có nắp Tefa | D471: CW | E471: C | F471: 1 | G471: 2 | H471: =F471/G471 -> 0.5 | I471: n/a | J471: 0.5 | K471: 47.5
A472: C-401 | B472: 2100127489 | C472: Bộ nồi chảo cán rời 3 món Ingeni | D472: CW | E472: C | F472: 1 | G472: 2 | H472: =F472/G472 -> 0.5 | I472: n/a | J472: 0.2 | K472: 47.5
A473: C-402 | B473: 2100104350 | C473: Dao gọt trái cây Tefal Ice Force | D473: CW | E473: C | F473: 1 | G473: 2 | H473: =F473/G473 -> 0.5 | I473: n/a | J473: 0.2 | K473: 47.5
A474: C-403 | B474: 1830009282 | C474: Bàn ủi hơi nước Tefal Virtuo Xá | D474: SDA | E474: C | F474: 1 | G474: 2 | H474: =F474/G474 -> 0.5 | I474: n/a | J474: 0.1 | K474: 47.5

Sheet Q3.1 Heatmap (U-shape)
A1: Q3.1 - U-SHAPED WAREHOUSE HEATMAP
A2: Receiving + packing on the same front side. Zone A (red, highest pick density) hugs packing at 8 m; B mid; C wraps the back/outer ring at 47.5 m. Travel -35.4% vs random.

Sheet Q3.2 Pick & Pack
A1: Q3.2 - OMNI-CHANNEL PICK-AND-PACK PROCESS
A2: Unified process for B2B (pallet/total picking) and B2C (batch + zone routing), with shared-stock conflict logic linked to the 2.2 inventory pooling strategy.
A4: A. TWO PICK MODELS
A5: Channel | B5: Order profile | C5: Pick model | D5: Mechanics | E5: Pack
A6: B2B | B6: Large volume, few SKUs | C6: Pallet / Total Picking | D6: One picker fulfils whole pallets or large CTN qty per order in a single pass. Sources Zone A pick-face + Zone C bulk. | E6: Stage whole pallets; minimal re-sort.
A7: B2C / E-com | B7: Small qty, many SKUs, many concurrent orders | C7: Batch Picking + Zone Routing | D7: Group many small orders into one pick wave; pickers route by zone; items consolidated downstream. | E7: Sort the wave back to individual orders at packing.
A9: B. SHARED-SKU CONFLICT — ALLOCATION & ESCALATION RULES
A10: Scenario: the same SKU is ordered simultaneously by a B2B client and a B2C customer. Stock is held in ONE shared pool (per 2.2 pooling), not physically split.
A11: Rule | B11: Condition | C11: Action
A12: Check | B12: Same SKU, both channels, concurrent | C12: Evaluate on-hand vs (B2B + B2C) demand.
A13: Sufficient | B13: On-hand >= B2B + B2C | C13: Allocate to both from shared pool; no rationing.
A14: R1 | B14: Short stock | C14: Commit to the confirmed B2B PO first (contractual, penalty risk).
A15: R2 | B15: Short stock | C15: Hold the B2C safety buffer so the storefront does not show stockout.
A16: R3 | B16: Short + B2C SLA-critical (2-4h) | C16: Split: B2C SLA order gets partial now, backorder remainder.
A17: R4 | B17: Below reorder point | C17: Trigger emergency replenishment / inter-warehouse transfer.
A20: C. DECISION FLOWCHART
